close,high,low,open,timestamp,volume
26326,26326,26325,26325,1684972800,0.07914520
26331,26331,26311,26325,1684972860,4.30596183
26333,26333,26333,26333,1684972920,0.00999000
26355,26355,26337,26337,1684972980,0.06510753
26349,26360,26349,26355,1684973040,0.87984691
26333,26357,26333,26349,1684973100,0.33514357
26324,26335,26324,26334,1684973160,0.12409272
26359,26362,26332,26335,1684973220,5.67591292
26368,26368,26360,26360,1684973280,0.00834597
26381,26381,26367,26367,1684973340,0.27855562
26360,26373,26360,26373,1684973400,0.61712227
26349,26357,26349,26357,1684973460,0.18735431
26348,26348,26348,26348,1684973520,0.02803000
26347,26354,26347,26348,1684973580,0.49873970
26351,26353,26351,26353,1684973640,0.01656006
26346,26346,26346,26346,1684973700,0.00250000
26336,26346,26336,26346,1684973760,0.81721924
26320,26333,26320,26333,1684973820,0.18959540
26317,26318,26317,26318,1684973880,0.03718430
26296,26314,26295,26314,1684973940,0.08546030
26289,26297,26289,26294,1684974000,0.14249597
26276,26286,26276,26286,1684974060,0.04651543
26275,26282,26273,26279,1684974120,0.09059998
26304,26304,26289,26289,1684974180,0.05687913
26288,26288,26286,26286,1684974240,0.00747000
26278,26278,26278,26278,1684974300,0.00107000
26276,26279,26276,26279,1684974360,0.02886852
26274,26274,26274,26274,1684974420,0.00189779
26269,26276,26269,26275,1684974480,0.09122369
26276,26276,26271,26271,1684974540,0.05651000
26283,26283,26283,26283,1684974600,0.00206951
26255,26271,26255,26271,1684974660,14.51318955
26251,26254,26251,26254,1684974720,0.74356993
26242,26251,26237,26250,1684974780,6.42824265
26259,26259,26253,26253,1684974840,1.17465541
26254,26267,26254,26264,1684974900,0.04126279
26257,26257,26257,26257,1684974960,0.00102000
26267,26267,26258,26258,1684975020,0.13831517
26259,26266,26259,26266,1684975080,0.00670061
26260,26260,26260,26260,1684975140,0.00548000
26268,26268,26263,26263,1684975200,0.00608724
26254,26269,26254,26268,1684975260,0.16253541
26234,26245,26234,26245,1684975320,0.05990955
26217,26239,26217,26239,1684975380,3.01940244
26219,26224,26219,26224,1684975440,0.41308708
26213,26221,26200,26219,1684975500,6.56267407
26226,26226,26212,26212,1684975560,0.26580914
26237,26237,26229,26229,1684975620,0.14243820
26238,26239,26237,26237,1684975680,0.05719324
26247,26247,26242,26242,1684975740,0.06332961
26240,26243,26240,26243,1684975800,0.01996664
26235,26237,26235,26237,1684975860,0.05459559
26223,26232,26223,26232,1684975920,0.01910657
26229,26229,26223,26223,1684975980,0.04367000
26245,26245,26239,26241,1684976040,0.06857279
26248,26250,26248,26248,1684976100,0.03309956
26251,26260,26249,26249,1684976160,0.82027064
26244,26250,26244,26250,1684976220,0.00386013
26229,26229,26220,26229,1684976280,0.09131224
26237,26237,26225,26225,1684976340,0.96318707
26262,26262,26234,26234,1684976400,0.27966141
26273,26273,26261,26261,1684976460,0.16455056
26301,26305,26273,26273,1684976520,0.09522034
26311,26311,26305,26305,1684976580,0.18629341
26308,26310,26308,26310,1684976640,0.02000000
26294,26302,26294,26301,1684976700,0.02352392
26273,26290,26273,26290,1684976760,0.05715315
26261,26270,26261,26270,1684976820,0.05035900
26230,26257,26229,26257,1684976880,0.78629210
26245,26245,26232,26232,1684976940,0.06257000
26256,26256,26251,26251,1684977000,0.13695687
26247,26249,26247,26249,1684977060,0.01946712
26237,26239,26237,26239,1684977120,0.42258570
26234,26235,26234,26234,1684977180,0.07224441
26242,26243,26228,26233,1684977240,0.62725325
26213,26232,26213,26232,1684977300,0.12652672
26212,26231,26212,26222,1684977360,0.05378130
26204,26215,26204,26212,1684977420,0.04763460
26197,26207,26193,26202,1684977480,2.99262784
26187,26197,26187,26197,1684977540,1.53465565
26203,26208,26187,26187,1684977600,0.37572781
26184,26203,26184,26203,1684977660,0.95369066
26177,26199,26177,26183,1684977720,1.78508464
26175,26177,26168,26177,1684977780,1.53944448
26181,26181,26181,26181,1684977840,0.00161000
26060,26169,26028,26169,1684977900,28.04347475
25946,26032,25909,26031,1684977960,77.45863332
25900,25949,25878,25943,1684978020,43.42518130
25917,25942,25910,25918,1684978080,2.39013553
25961,25963,25924,25927,1684978140,1.67754200
26012,26012,25955,25966,1684978200,68.15527912
26012,26012,25969,26008,1684978260,2.82670167
26047,26047,26013,26013,1684978320,8.57038455
26088,26088,26049,26049,1684978380,13.11043843
26076,26082,26067,26082,1684978440,0.09698827
26073,26085,26073,26085,1684978500,0.00387262
26064,26068,26062,26068,1684978560,0.19551501
26125,26125,26073,26073,1684978620,6.70996961
26132,26132,26114,26127,1684978680,1.55599632
26107,26118,26107,26118,1684978740,0.01268141
26113,26114,26086,26104,1684978800,0.24974745
26070,26116,26070,26115,1684978860,9.66054791
26087,26091,26069,26070,1684978920,30.59111780
26092,26101,26092,26097,1684978980,0.32634788
26087,26087,26077,26078,1684979040,0.01247097
26090,26099,26090,26098,1684979100,1.13300830
26089,26089,26084,26086,1684979160,0.05935690
26116,26116,26090,26090,1684979220,0.18404989
26123,26123,26117,26120,1684979280,0.06252770
26137,26137,26131,26131,1684979340,1.76787195
26127,26139,26123,26138,1684979400,0.21980728
26093,26127,26092,26127,1684979460,0.13363709
26093,26093,26091,26091,1684979520,0.01138215
26087,26089,26086,26086,1684979580,0.07934715
26057,26078,26057,26078,1684979640,0.07887908
26079,26080,26047,26053,1684979700,0.02867723
26088,26088,26069,26069,1684979760,0.11814562
26107,26107,26097,26097,1684979820,0.00856785
26096,26096,26096,26096,1684979880,0.00341620
26119,26121,26104,26104,1684979940,0.12255839
26108,26110,26107,26110,1684980000,0.54833873
26099,26106,26099,26106,1684980060,0.08447196
26109,26109,26109,26109,1684980120,0.00669000
26126,26126,26110,26110,1684980180,0.08898824
26127,26127,26119,26126,1684980240,0.04634806
26124,26125,26124,26124,1684980300,0.01470822
26101,26124,26101,26124,1684980360,1.00023033
26097,26104,26092,26104,1684980420,1.19081195
26102,26102,26101,26101,1684980480,0.01876272
26109,26109,26109,26109,1684980540,0.00189904
26107,26107,26107,26107,1684980600,0.00249228
26114,26114,26104,26108,1684980660,0.02331318
26130,26130,26119,26119,1684980720,0.11732268
26137,26137,26132,26132,1684980780,0.00764517
26135,26136,26135,26136,1684980840,0.40754651
26109,26140,26109,26138,1684980900,0.57642744
26100,26111,26099,26107,1684980960,0.92558394
26096,26096,26096,26096,1684981020,0.00196281
26089,26097,26089,26097,1684981080,0.02560247
26091,26091,26090,26090,1684981140,0.01430778
26100,26100,26098,26099,1684981200,0.02528240
26086,26095,26086,26095,1684981260,0.02281054
26085,26085,26081,26081,1684981320,0.00569360
26100,26100,26094,26094,1684981380,13.38550343
26111,26111,26100,26100,1684981440,1.59967933
26121,26123,26121,26123,1684981500,0.01477321
26096,26116,26096,26116,1684981560,1.11773716
26099,26099,26093,26096,1684981620,0.11074112
26097,26097,26096,26096,1684981680,0.00626349
26087,26096,26087,26096,1684981740,0.35353572
26095,26095,26087,26087,1684981800,0.00592233
26084,26090,26084,26087,1684981860,0.77024297
26081,26083,26080,26083,1684981920,0.43881687
26077,26081,26075,26081,1684981980,0.04882089
26050,26068,26049,26068,1684982040,10.92187657
26049,26050,26049,26050,1684982100,8.25203460
26061,26061,26048,26048,1684982160,1.41998739
26067,26067,26058,26059,1684982220,0.01864054
26078,26078,26073,26073,1684982280,0.02017631
26097,26097,26082,26082,1684982340,0.06682954
26099,26100,26099,26100,1684982400,0.00548448
26099,26099,26093,26099,1684982460,0.97310237
26087,26088,26087,26088,1684982520,0.00656865
26086,26086,26081,26083,1684982580,0.01788812
26092,26092,26084,26084,1684982640,0.03635256
26089,26092,26089,26092,1684982700,0.00294694
26088,26090,26088,26089,1684982760,0.45936043
26076,26083,26076,26083,1684982820,0.28057962
26080,26081,26075,26080,1684982880,0.92713443
26098,26098,26080,26080,1684982940,0.00816501
26100,26100,26098,26098,1684983000,2.89370500
26100,26100,26100,26100,1684983060,10.99323534
26098,26100,26098,26100,1684983120,0.97725596
26100,26100,26100,26100,1684983180,0.37390292
26113,26129,26100,26100,1684983240,15.59265664
26109,26114,26109,26114,1684983300,0.08298880
26114,26114,26105,26109,1684983360,0.10120000
26114,26114,26114,26114,1684983420,0.01331000
26115,26115,26115,26115,1684983480,0.00233000
26119,26119,26119,26119,1684983540,0.01107000
26124,26124,26124,26124,1684983600,0.00764000
26130,26131,26130,26131,1684983660,2.62640295
26130,26130,26130,26130,1684983720,0.05408342
26140,26142,26129,26130,1684983780,13.37120642
26155,26155,26143,26143,1684983840,3.11154038
26158,26158,26150,26155,1684983900,16.29626524
26184,26184,26159,26159,1684983960,8.55949326
26187,26188,26178,26187,1684984020,3.35857053
26202,26212,26188,26188,1684984080,11.45453916
26194,26198,26192,26198,1684984140,1.92200749
26189,26197,26189,26197,1684984200,2.38015557
26169,26187,26169,26187,1684984260,11.16926767
26169,26170,26165,26169,1684984320,0.11870940
26163,26163,26163,26163,1684984380,0.00392000
26150,26160,26150,26154,1684984440,0.10984000
26148,26148,26148,26148,1684984500,0.00966000
26146,26150,26140,26143,1684984560,0.17556455
26148,26158,26148,26157,1684984620,0.68805094
26137,26142,26136,26142,1684984680,1.26382472
26140,26140,26140,26140,1684984740,0.05000000
26157,26157,26148,26148,1684984800,0.00770191
26162,26162,26155,26155,1684984860,0.06648000
26162,26162,26162,26162,1684984920,0.00000000
26156,26161,26154,26161,1684984980,0.01823077
26157,26157,26157,26157,1684985040,0.01092000
26153,26156,26153,26156,1684985100,0.23888553
26154,26154,26154,26154,1684985160,0.04908525
26169,26169,26169,26169,1684985220,0.00100000
26170,26170,26170,26170,1684985280,3.09250071
26188,26189,26170,26170,1684985340,5.80147287
26189,26189,26188,26189,1684985400,10.88703348
26188,26189,26187,26189,1684985460,0.27133076
26178,26185,26173,26185,1684985520,1.57693973
26174,26177,26174,26177,1684985580,0.15985000
26162,26172,26162,26172,1684985640,0.16196931
26177,26178,26162,26162,1684985700,0.10163000
26175,26177,26175,26177,1684985760,0.11202313
26164,26171,26163,26171,1684985820,0.18279968
26164,26164,26164,26164,1684985880,0.00150000
26175,26176,26170,26170,1684985940,0.08319000
26173,26173,26172,26172,1684986000,0.01383085
26171,26171,26170,26170,1684986060,0.03783000
26168,26171,26168,26171,1684986120,0.25152000
26165,26165,26165,26165,1684986180,0.02480000
26184,26184,26176,26181,1684986240,0.33223271
26187,26189,26187,26189,1684986300,0.06349000
26188,26189,26187,26189,1684986360,0.01397045
26177,26189,26177,26189,1684986420,1.69923009
26176,26177,26176,26177,1684986480,0.10634023
26180,26180,26180,26180,1684986540,0.00101000
26187,26188,26182,26188,1684986600,0.01540000
26187,26187,26186,26186,1684986660,0.05427000
26187,26188,26187,26187,1684986720,0.02838000
26189,26189,26188,26189,1684986780,0.03951456
26184,26188,26184,26188,1684986840,0.05409389
26180,26188,26178,26188,1684986900,0.83798339
26176,26176,26174,26174,1684986960,0.05131857
26176,26176,26176,26176,1684987020,0.01045617
26181,26181,26176,26176,1684987080,0.00714998
26175,26180,26175,26180,1684987140,0.00760220
26166,26172,26166,26172,1684987200,0.14791611
26181,26185,26168,26168,1684987260,0.10090820
26177,26179,26177,26178,1684987320,0.07981000
26169,26176,26169,26172,1684987380,1.14183218
26155,26169,26155,26169,1684987440,0.98640557
26144,26158,26144,26158,1684987500,0.44705169
26151,26157,26143,26143,1684987560,0.34239597
26160,26161,26158,26158,1684987620,0.15048838
26152,26158,26151,26158,1684987680,0.75889366
26158,26159,26155,26155,1684987740,0.10972132
26168,26168,26160,26160,1684987800,0.23647482
26172,26172,26167,26167,1684987860,0.47006481
26184,26184,26177,26177,1684987920,0.26026239
26188,26189,26184,26184,1684987980,1.01582211
26189,26189,26189,26189,1684988040,0.05702799
26189,26189,26188,26189,1684988100,0.12887878
26187,26188,26187,26188,1684988160,0.14144787
26189,26189,26188,26189,1684988220,0.11113527
26189,26189,26189,26189,1684988280,0.72908021
26189,26189,26189,26189,1684988340,0.97712397
26195,26195,26189,26189,1684988400,3.20218189
26194,26198,26194,26195,1684988460,0.06408676
26203,26204,26198,26198,1684988520,0.05227070
26212,26212,26202,26202,1684988580,0.03461000
26217,26217,26212,26212,1684988640,1.50522107
26230,26230,26218,26218,1684988700,3.23490105
26225,26230,26219,26230,1684988760,0.16771072
26210,26219,26209,26219,1684988820,0.11604109
26203,26210,26203,26210,1684988880,0.23357952
26203,26204,26202,26202,1684988940,0.13507000
26215,26215,26201,26201,1684989000,0.02917000
26220,26220,26220,26220,1684989060,0.04270000
26202,26209,26202,26209,1684989120,0.23424999
26206,26210,26204,26204,1684989180,0.22510000
26215,26215,26206,26206,1684989240,0.42497159
26210,26220,26210,26219,1684989300,0.21817279
26207,26210,26206,26210,1684989360,0.03662289
26221,26221,26210,26210,1684989420,0.29585631
26244,26244,26225,26225,1684989480,2.97705978
26243,26243,26243,26243,1684989540,0.00519419
26232,26235,26231,26235,1684989600,0.20852533
26233,26234,26230,26231,1684989660,0.13242000
26235,26236,26233,26233,1684989720,2.00102000
26227,26233,26227,26233,1684989780,0.19482435
26215,26226,26215,26226,1684989840,0.16790000
26215,26221,26208,26213,1684989900,0.05381469
26212,26219,26211,26219,1684989960,0.10382919
26208,26214,26207,26214,1684990020,0.07897987
26201,26208,26200,26208,1684990080,0.03346258
26201,26201,26201,26201,1684990140,0.46133327
26211,26211,26201,26201,1684990200,0.00223090
26211,26212,26206,26208,1684990260,0.17131763
26211,26212,26211,26212,1684990320,0.05550000
26210,26212,26210,26211,1684990380,0.26720000
26208,26209,26208,26209,1684990440,0.02008261
26209,26209,26209,26209,1684990500,0.02658000
26199,26210,26199,26210,1684990560,1.62730904
26200,26200,26200,26200,1684990620,0.15441587
26211,26211,26211,26211,1684990680,0.00218000
26226,26226,26212,26212,1684990740,1.46942434
26209,26219,26209,26213,1684990800,0.05609691
26213,26213,26212,26212,1684990860,0.01214000
26213,26213,26213,26213,1684990920,0.00000000
26221,26221,26218,26218,1684990980,0.27599000
26219,26222,26216,26222,1684991040,1.03549945
26219,26219,26219,26219,1684991100,0.00000000
26217,26217,26217,26217,1684991160,0.02000000
26224,26224,26224,26224,1684991220,0.00701000
26232,26232,26232,26232,1684991280,0.00167000
26233,26233,26233,26233,1684991340,0.09316000
26226,26226,26226,26226,1684991400,0.08996036
26220,26220,26220,26220,1684991460,0.02034139
26220,26220,26220,26220,1684991520,0.00000000
26220,26221,26220,26220,1684991580,0.04568856
26220,26220,26215,26220,1684991640,0.27638364
26224,26224,26206,26206,1684991700,0.05928358
26226,26226,26226,26226,1684991760,0.04220000
26230,26230,26226,26226,1684991820,0.05637060
26243,26243,26232,26232,1684991880,0.05468555
26244,26244,26243,26243,1684991940,0.14868886
26244,26244,26243,26243,1684992000,0.30387072
26235,26244,26235,26244,1684992060,0.31527015
26244,26244,26244,26244,1684992120,0.10617201
26244,26244,26244,26244,1684992180,0.42943859
26244,26244,26242,26243,1684992240,0.07161352
26253,26253,26244,26244,1684992300,3.21499352
26254,26254,26254,26254,1684992360,0.00109000
26254,26254,26254,26254,1684992420,0.00149269
26256,26256,26256,26256,1684992480,0.02001472
26262,26262,26256,26256,1684992540,1.31559888
26260,26262,26260,26262,1684992600,0.30480960
26255,26261,26255,26259,1684992660,0.20365233
26253,26255,26253,26254,1684992720,0.25388527
26266,26266,26253,26253,1684992780,0.84062512
26259,26259,26258,26258,1684992840,0.05000000
26257,26257,26255,26255,1684992900,0.18870999
26255,26255,26255,26255,1684992960,0.03249384
26253,26253,26253,26253,1684993020,0.59821925
26225,26252,26225,26252,1684993080,0.23603739
26239,26240,26222,26225,1684993140,0.06710376
26236,26236,26232,26235,1684993200,0.01137925
26236,26236,26236,26236,1684993260,0.00000000
26223,26223,26223,26223,1684993320,0.05720110
26223,26223,26223,26223,1684993380,0.04366000
26223,26223,26223,26223,1684993440,0.46590631
26236,26237,26223,26223,1684993500,0.55090105
26234,26234,26234,26234,1684993560,0.00084923
26234,26234,26234,26234,1684993620,0.00000000
26227,26242,26227,26234,1684993680,4.62359711
26251,26251,26248,26248,1684993740,0.03729822
26250,26250,26243,26243,1684993800,0.43448370
26236,26249,26236,26247,1684993860,1.00831081
26236,26236,26236,26236,1684993920,0.03038241
26232,26236,26232,26236,1684993980,0.09235326
26236,26236,26231,26231,1684994040,0.22517925
26251,26251,26247,26247,1684994100,0.03552334
26254,26254,26251,26251,1684994160,0.05019425
26258,26259,26249,26249,1684994220,0.53027000
26250,26255,26250,26255,1684994280,0.30449000
26252,26252,26252,26252,1684994340,0.03000000
26265,26265,26257,26257,1684994400,0.02786379
26266,26266,26266,26266,1684994460,0.11364082
26265,26265,26265,26265,1684994520,0.00687000
26270,26270,26265,26265,1684994580,1.54849005
26271,26275,26264,26265,1684994640,1.05859948
26276,26276,26271,26271,1684994700,0.72787319
26281,26281,26278,26278,1684994760,1.26069817
26278,26281,26278,26280,1684994820,0.72317560
26280,26280,26276,26277,1684994880,0.11432961
26269,26270,26269,26270,1684994940,0.06171000
26260,26262,26257,26262,1684995000,0.42633450
26248,26260,26248,26260,1684995060,0.11206109
26248,26249,26241,26245,1684995120,0.13110004
26245,26245,26239,26244,1684995180,0.06586604
26238,26238,26238,26238,1684995240,0.00344608
26242,26242,26238,26238,1684995300,0.00321000
26235,26235,26235,26235,1684995360,0.00258499
26239,26239,26237,26237,1684995420,0.04324000
26239,26246,26239,26246,1684995480,0.08552372
26244,26244,26239,26239,1684995540,0.53847999
26256,26256,26251,26251,1684995600,1.13048857
26256,26257,26256,26256,1684995660,1.12659041
26256,26256,26256,26256,1684995720,0.08020000
26247,26253,26247,26253,1684995780,0.06463114
26247,26247,26247,26247,1684995840,0.00000000
26241,26246,26241,26246,1684995900,0.02784490
26241,26244,26239,26244,1684995960,0.09796154
26240,26240,26240,26240,1684996020,0.00121760
26251,26251,26244,26244,1684996080,0.06044615
26251,26251,26251,26251,1684996140,0.00000000
26251,26251,26251,26251,1684996200,0.00000000
26254,26255,26254,26255,1684996260,0.00947066
26254,26255,26251,26254,1684996320,0.08035490
26235,26250,26235,26250,1684996380,3.51534688
26242,26244,26235,26235,1684996440,2.45524276
26234,26240,26234,26240,1684996500,0.63997708
26232,26235,26232,26235,1684996560,0.00618349
26223,26230,26223,26230,1684996620,0.51684463
26215,26221,26215,26221,1684996680,16.14859405
26237,26237,26232,26232,1684996740,0.08434897
26264,26264,26237,26237,1684996800,0.11270941
26266,26267,26263,26267,1684996860,0.34841991
26263,26264,26260,26264,1684996920,0.63903943
26252,26252,26252,26252,1684996980,0.00681000
26253,26253,26252,26252,1684997040,0.25488723
26252,26252,26248,26251,1684997100,0.19650000
26252,26252,26252,26252,1684997160,0.00000000
26251,26253,26249,26253,1684997220,0.09559790
26257,26257,26250,26250,1684997280,0.02155749
26272,26272,26268,26268,1684997340,0.00585672
26273,26273,26273,26273,1684997400,0.00258020
26275,26277,26275,26276,1684997460,0.05851313
26276,26278,26270,26272,1684997520,0.36499027
26278,26278,26278,26278,1684997580,0.07870000
26278,26278,26278,26278,1684997640,6.48450220
26278,26278,26275,26278,1684997700,0.58035280
26254,26278,26252,26278,1684997760,1.08206848
26256,26256,26254,26254,1684997820,0.76371880
26254,26254,26254,26254,1684997880,0.11922517
26254,26254,26254,26254,1684997940,0.07483670
26248,26257,26239,26254,1684998000,2.91973263
26237,26246,26237,26246,1684998060,0.20072982
26226,26238,26226,26238,1684998120,0.56170702
26224,26227,26224,26227,1684998180,1.36740369
26227,26228,26224,26224,1684998240,0.74666787
26223,26227,26223,26227,1684998300,0.45329922
26218,26223,26218,26223,1684998360,0.43000000
26219,26219,26210,26218,1684998420,8.10719116
26214,26225,26211,26225,1684998480,0.20399220
26219,26226,26212,26212,1684998540,0.79553838
26230,26233,26221,26221,1684998600,0.48415797
26231,26249,26230,26230,1684998660,13.02508594
26226,26228,26226,26228,1684998720,0.02752979
26215,26223,26214,26223,1684998780,0.82361891
26225,26225,26220,26220,1684998840,0.59802311
26225,26225,26225,26225,1684998900,0.00000000
26221,26226,26219,26219,1684998960,0.20656940
26221,26221,26221,26221,1684999020,0.00000000
26220,26220,26216,26220,1684999080,0.09677000
26216,26218,26215,26218,1684999140,2.41579224
26218,26224,26214,26214,1684999200,2.02855055
26227,26228,26226,26228,1684999260,0.00921260
26210,26225,26210,26225,1684999320,0.50621974
26213,26213,26210,26210,1684999380,0.01005677
26211,26211,26211,26211,1684999440,0.00846283
26212,26213,26211,26211,1684999500,1.08756839
26213,26213,26213,26213,1684999560,0.35360478
26196,26213,26196,26213,1684999620,3.85206781
26178,26196,26174,26196,1684999680,4.54672709
26193,26193,26187,26187,1684999740,0.11497283
26165,26192,26165,26192,1684999800,4.21034300
26168,26173,26168,26173,1684999860,0.03339000
26174,26174,26167,26167,1684999920,0.12473000
26170,26177,26169,26174,1684999980,0.09353258
26160,26165,26159,26165,1685000040,1.55075085
26141,26160,26141,26160,1685000100,9.12991514
26141,26148,26141,26148,1685000160,0.03514000
26154,26154,26141,26141,1685000220,0.35355197
26144,26154,26144,26154,1685000280,0.06971007
26140,26141,26140,26141,1685000340,0.78966475
26140,26141,26138,26138,1685000400,1.15389738
26150,26150,26141,26141,1685000460,0.67367634
26150,26150,26150,26150,1685000520,0.00000000
26143,26143,26140,26140,1685000580,0.24780969
26144,26144,26142,26142,1685000640,0.07395756
26144,26144,26144,26144,1685000700,0.00000000
26163,26163,26163,26163,1685000760,0.28666437
26145,26145,26138,26138,1685000820,1.03232939
26154,26154,26151,26151,1685000880,0.14438879
26158,26158,26153,26153,1685000940,0.14449044
26143,26151,26143,26147,1685001000,0.03696273
26143,26145,26143,26145,1685001060,0.02987000
26135,26137,26131,26137,1685001120,1.59305898
26143,26143,26135,26135,1685001180,1.32784539
26134,26141,26134,26141,1685001240,0.48567811
26131,26133,26131,26133,1685001300,0.28476482
26136,26136,26130,26131,1685001360,0.88707901
26137,26138,26136,26136,1685001420,0.53545362
26130,26135,26130,26134,1685001480,1.00254136
26127,26130,26127,26130,1685001540,0.43111547
26146,26146,26130,26130,1685001600,1.12485984
26128,26142,26127,26142,1685001660,0.64337295
26138,26138,26130,26130,1685001720,0.24653622
26152,26152,26139,26139,1685001780,0.27617166
26152,26152,26151,26151,1685001840,0.05719588
26179,26179,26157,26157,1685001900,0.16483012
26189,26191,26179,26179,1685001960,0.02612431
26193,26193,26193,26193,1685002020,11.94625929
26195,26205,26193,26193,1685002080,11.19171902
26195,26195,26195,26195,1685002140,0.00000000
26185,26186,26184,26185,1685002200,0.02393983
26179,26183,26179,26183,1685002260,0.03270689
26188,26188,26174,26176,1685002320,0.10710944
26176,26190,26175,26189,1685002380,0.19631821
26173,26182,26173,26182,1685002440,0.87983991
26185,26185,26185,26185,1685002500,0.02590000
26177,26187,26177,26187,1685002560,0.42134000
26178,26184,26178,26184,1685002620,0.00694000
26176,26176,26174,26174,1685002680,0.08109410
26173,26176,26173,26176,1685002740,0.18054965
26177,26184,26173,26178,1685002800,1.01965655
26186,26193,26177,26177,1685002860,0.40527000
26190,26192,26187,26187,1685002920,0.10842881
26187,26187,26187,26187,1685002980,0.05000000
26193,26198,26193,26195,1685003040,0.14366868
26204,26204,26204,26204,1685003100,0.01655000
26204,26204,26204,26204,1685003160,0.00762414
26209,26209,26206,26206,1685003220,1.48075438
26212,26212,26210,26210,1685003280,0.09248351
26212,26212,26212,26212,1685003340,0.00443000
26229,26229,26212,26212,1685003400,5.20246059
26234,26234,26227,26227,1685003460,0.76580818
26225,26234,26225,26234,1685003520,0.77322485
26225,26225,26225,26225,1685003580,0.00000000
26222,26222,26222,26222,1685003640,0.00632563
26223,26223,26222,26222,1685003700,0.04408137
26220,26224,26220,26224,1685003760,0.10688944
26220,26220,26220,26220,1685003820,0.00000000
26230,26230,26229,26230,1685003880,0.02331906
26226,26240,26222,26232,1685003940,0.91496606
26240,26240,26240,26240,1685004000,0.03917552
26240,26240,26240,26240,1685004060,0.06671067
26246,26247,26240,26240,1685004120,1.70847282
26237,26241,26235,26241,1685004180,0.49860083
26231,26237,26231,26237,1685004240,0.29400747
26228,26240,26228,26237,1685004300,1.86875581
26226,26227,26226,26227,1685004360,0.09737743
26224,26224,26224,26224,1685004420,0.08160000
26224,26224,26224,26224,1685004480,0.03154000
26217,26223,26217,26223,1685004540,0.12564186
26226,26226,26217,26218,1685004600,0.08133244
26223,26231,26223,26231,1685004660,0.12537850
26218,26221,26218,26221,1685004720,0.12015282
26218,26218,26218,26218,1685004780,0.07054580
26218,26218,26218,26218,1685004840,0.01894925
26223,26223,26218,26218,1685004900,0.34161764
26219,26219,26219,26219,1685004960,0.07811291
26219,26219,26218,26218,1685005020,0.12002920
26218,26218,26218,26218,1685005080,0.00038142
26223,26223,26223,26223,1685005140,0.00136000
26223,26223,26223,26223,1685005200,0.00039645
26226,26228,26220,26221,1685005260,4.22651076
26226,26226,26226,26226,1685005320,0.04834926
26226,26228,26225,26227,1685005380,0.61573049
26228,26231,26228,26230,1685005440,0.07984474
26229,26229,26228,26228,1685005500,0.03430130
26229,26229,26229,26229,1685005560,0.00000000
26224,26224,26223,26223,1685005620,0.29458531
26226,26226,26222,26224,1685005680,0.08881838
26228,26228,26226,26226,1685005740,0.61340107
26235,26235,26235,26235,1685005800,0.00460000
26238,26239,26238,26238,1685005860,0.06957383
26243,26243,26242,26242,1685005920,0.06143192
26241,26250,26235,26247,1685005980,0.82880772
26240,26241,26238,26239,1685006040,0.18703336
26236,26241,26236,26241,1685006100,0.10540987
26227,26228,26222,26228,1685006160,1.90167952
26226,26227,26225,26225,1685006220,0.13235197
26233,26233,26225,26226,1685006280,0.06821558
26248,26248,26248,26248,1685006340,0.01677000
26245,26250,26245,26250,1685006400,0.11744238
26238,26244,26233,26244,1685006460,0.88872268
26234,26234,26234,26234,1685006520,0.00754985
26236,26236,26233,26233,1685006580,0.03509964
26231,26231,26230,26230,1685006640,0.10103000
26231,26231,26231,26231,1685006700,0.00000000
26230,26230,26230,26230,1685006760,0.00274000
26230,26230,26230,26230,1685006820,0.00000000
26231,26231,26230,26230,1685006880,0.02394058
26234,26243,26234,26235,1685006940,0.81944953
26247,26247,26242,26242,1685007000,0.10751151
26239,26250,26236,26250,1685007060,1.06645292
26240,26240,26240,26240,1685007120,0.00336000
26240,26240,26240,26240,1685007180,0.00000000
26251,26251,26247,26247,1685007240,0.02542615
26256,26256,26253,26253,1685007300,0.75888200
26246,26254,26246,26254,1685007360,0.10652798
26244,26244,26244,26244,1685007420,0.00174000
26244,26245,26244,26245,1685007480,0.25000000
26240,26244,26240,26244,1685007540,6.02049243
26240,26240,26238,26238,1685007600,0.01200000
26239,26239,26237,26237,1685007660,0.02203581
26248,26248,26242,26242,1685007720,0.06805276
26253,26254,26248,26248,1685007780,0.94974518
26250,26256,26250,26256,1685007840,0.08392182
26254,26254,26253,26253,1685007900,0.91211000
26262,26262,26256,26256,1685007960,1.45982435
26253,26266,26253,26262,1685008020,1.37634766
26245,26249,26245,26249,1685008080,0.03887289
26242,26243,26242,26243,1685008140,0.03873420
26255,26255,26245,26245,1685008200,0.03785302
26258,26258,26255,26255,1685008260,0.08895018
26263,26263,26260,26261,1685008320,0.05209420
26261,26263,26261,26261,1685008380,0.05378719
26253,26255,26252,26255,1685008440,0.06628083
26258,26258,26258,26258,1685008500,0.02392038
26259,26259,26256,26256,1685008560,0.75029998
26264,26264,26257,26260,1685008620,0.02272206
26273,26276,26266,26266,1685008680,2.63496998
26278,26278,26269,26269,1685008740,0.03961408
26263,26295,26263,26278,1685008800,4.73977209
26262,26268,26262,26268,1685008860,0.09865801
26261,26263,26261,26262,1685008920,1.57081565
26254,26259,26254,26259,1685008980,0.03059372
26252,26254,26252,26254,1685009040,0.04509471
26252,26252,26252,26252,1685009100,0.01305345
26249,26252,26249,26252,1685009160,0.03478976
26247,26248,26246,26248,1685009220,0.02845159
26242,26245,26242,26245,1685009280,0.43772130
26253,26254,26245,26245,1685009340,0.04990147
26248,26254,26248,26253,1685009400,0.06890134
26247,26248,26247,26247,1685009460,0.18039000
26246,26246,26246,26246,1685009520,0.03026964
26246,26248,26246,26248,1685009580,0.07278340
26243,26248,26243,26246,1685009640,0.88331875
26243,26243,26243,26243,1685009700,0.32155204
26239,26245,26239,26243,1685009760,1.91540844
26246,26246,26239,26239,1685009820,0.47330085
26246,26246,26246,26246,1685009880,0.00000000
26249,26249,26249,26249,1685009940,0.00699000
26257,26257,26250,26250,1685010000,0.16669246
26264,26264,26257,26257,1685010060,0.01160441
26270,26270,26265,26265,1685010120,0.96278099
26267,26267,26267,26267,1685010180,0.07475037
26267,26272,26267,26272,1685010240,0.46189174
26266,26268,26266,26268,1685010300,0.08651093
26258,26262,26258,26262,1685010360,0.01991750
26246,26258,26246,26257,1685010420,0.07291325
26245,26246,26245,26246,1685010480,0.05901271
26260,26260,26245,26245,1685010540,0.17445214
26261,26261,26260,26260,1685010600,0.49556678
26257,26270,26257,26261,1685010660,0.88168934
26252,26256,26247,26256,1685010720,0.05848465
26253,26253,26251,26251,1685010780,1.14863531
26246,26246,26246,26246,1685010840,0.00178182
26246,26246,26246,26246,1685010900,0.00000000
26246,26246,26246,26246,1685010960,0.01193445
26246,26246,26246,26246,1685011020,0.00000000
26249,26249,26247,26247,1685011080,0.07931021
26248,26249,26248,26249,1685011140,0.00678220
26248,26248,26248,26248,1685011200,0.00000000
26238,26248,26238,26248,1685011260,0.45619405
26239,26239,26237,26237,1685011320,0.16167323
26241,26241,26241,26241,1685011380,0.03394770
26241,26241,26239,26239,1685011440,0.05420597
26241,26241,26241,26241,1685011500,0.01893264
26241,26241,26241,26241,1685011560,0.03738422
26241,26241,26241,26241,1685011620,0.03738489
26237,26238,26235,26238,1685011680,1.91360369
26237,26238,26237,26238,1685011740,0.05089000
26236,26237,26233,26237,1685011800,0.33333884
26236,26236,26236,26236,1685011860,0.01285507
26236,26236,26236,26236,1685011920,0.04669073
26231,26232,26231,26232,1685011980,13.06897560
26230,26232,26230,26231,1685012040,2.42080964
26226,26229,26226,26229,1685012100,0.74342877
26227,26227,26218,26225,1685012160,2.56487262
26229,26230,26224,26227,1685012220,0.12044454
26235,26235,26232,26232,1685012280,0.10552455
26242,26242,26235,26235,1685012340,0.06366582
26247,26249,26245,26245,1685012400,0.03113606
26250,26250,26244,26244,1685012460,0.11678950
26251,26251,26246,26246,1685012520,0.01406309
26251,26253,26251,26251,1685012580,0.45443532
26255,26255,26252,26253,1685012640,0.05778938
26263,26263,26256,26256,1685012700,0.02972935
26263,26263,26263,26263,1685012760,0.00000000
26260,26260,26260,26260,1685012820,0.02244847
26258,26258,26258,26258,1685012880,0.10101000
26254,26254,26254,26254,1685012940,0.01892327
26249,26254,26249,26254,1685013000,0.04600604
26250,26250,26250,26250,1685013060,0.08061000
26250,26250,26250,26250,1685013120,0.00380000
26250,26250,26250,26250,1685013180,0.03049398
26255,26255,26245,26250,1685013240,0.55082517
26256,26256,26255,26255,1685013300,0.06516741
26258,26258,26256,26258,1685013360,0.00326169
26259,26259,26258,26258,1685013420,0.03196966
26260,26260,26257,26257,1685013480,0.16150108
26261,26262,26259,26260,1685013540,0.95122601
26261,26261,26261,26261,1685013600,0.00943811
26259,26259,26259,26259,1685013660,0.02324116
26260,26260,26260,26260,1685013720,0.11428891
26260,26260,26258,26260,1685013780,1.12604569
26250,26256,26250,26256,1685013840,0.12283149
26248,26250,26248,26250,1685013900,0.04249762
26238,26245,26238,26245,1685013960,0.01039381
26233,26235,26233,26235,1685014020,0.01513513
26233,26233,26229,26232,1685014080,0.49662020
26223,26233,26223,26233,1685014140,1.14597934
26228,26228,26223,26223,1685014200,0.29401158
26221,26221,26221,26221,1685014260,0.02111000
26225,26226,26223,26223,1685014320,0.02594859
26220,26226,26220,26225,1685014380,2.16780491
26232,26232,26231,26232,1685014440,0.13364823
26234,26234,26232,26232,1685014500,0.53984975
26234,26234,26234,26234,1685014560,0.00000000
26223,26230,26223,26230,1685014620,0.36260302
26221,26221,26221,26221,1685014680,0.01894708
26210,26221,26209,26221,1685014740,1.99116987
26229,26230,26210,26210,1685014800,0.13826929
26216,26221,26216,26221,1685014860,0.02222066
26216,26217,26211,26216,1685014920,0.06911390
26219,26221,26217,26218,1685014980,1.80864578
26222,26222,26221,26221,1685015040,1.92751332
26225,26225,26222,26222,1685015100,0.38152526
26228,26228,26225,26225,1685015160,0.20938421
26236,26236,26228,26228,1685015220,0.80966838
26236,26236,26236,26236,1685015280,0.00000000
26250,26250,26238,26238,1685015340,0.93409518
26249,26251,26249,26250,1685015400,0.23510531
26257,26257,26253,26253,1685015460,0.00645105
26272,26274,26257,26257,1685015520,1.21125337
26263,26273,26263,26273,1685015580,0.53685000
26271,26271,26265,26265,1685015640,0.01457000
26278,26278,26272,26272,1685015700,16.46611735
26302,26326,26278,26278,1685015760,12.62393288
26289,26298,26279,26298,1685015820,1.03320838
26278,26279,26277,26279,1685015880,0.01079276
26295,26295,26295,26295,1685015940,0.00369810
26311,26311,26295,26295,1685016000,0.02316887
26339,26339,26314,26314,1685016060,3.61208898
26348,26348,26337,26337,1685016120,1.95421437
26344,26346,26344,26346,1685016180,1.03725059
26342,26345,26342,26345,1685016240,0.09516201
26422,26471,26348,26348,1685016300,40.23562701
26394,26426,26394,26424,1685016360,18.97602255
26406,26409,26392,26409,1685016420,1.51001909
26400,26425,26392,26412,1685016480,2.24908530
26384,26392,26384,26392,1685016540,1.60337158
26385,26403,26385,26390,1685016600,0.51252147
26414,26414,26377,26382,1685016660,1.88772290
26397,26413,26397,26413,1685016720,0.45549851
26397,26413,26397,26400,1685016780,0.19749150
26392,26407,26391,26407,1685016840,0.74744021
26405,26409,26398,26403,1685016900,0.29552857
26419,26419,26407,26407,1685016960,0.01649672
26406,26429,26406,26422,1685017020,0.11238041
26414,26415,26404,26404,1685017080,0.49353577
26414,26426,26411,26411,1685017140,3.65615745
26418,26430,26417,26420,1685017200,1.47900833
26424,26425,26418,26418,1685017260,0.46067907
26447,26447,26423,26425,1685017320,17.70887771
26447,26452,26434,26448,1685017380,0.89318730
26448,26448,26446,26446,1685017440,0.02971801
26424,26440,26424,26440,1685017500,0.52995513
26415,26422,26415,26422,1685017560,0.07790546
26404,26412,26404,26412,1685017620,0.06625297
26405,26415,26405,26409,1685017680,0.05412786
26410,26418,26410,26418,1685017740,0.02222006
26405,26413,26405,26413,1685017800,0.03927052
26384,26409,26384,26404,1685017860,15.50439167
26384,26400,26384,26392,1685017920,0.31950538
26390,26391,26385,26389,1685017980,0.31835644
26408,26410,26407,26407,1685018040,0.04225149
26394,26404,26387,26404,1685018100,0.58909149
26395,26403,26386,26403,1685018160,0.50411051
26435,26435,26399,26402,1685018220,0.61736886
26452,26452,26435,26435,1685018280,65.93938630
26446,26452,26446,26452,1685018340,0.05868744
26432,26438,26432,26438,1685018400,0.03909830
26432,26432,26428,26428,1685018460,0.08607868
26432,26432,26432,26432,1685018520,0.00000000
26430,26440,26428,26440,1685018580,0.27305181
26413,26419,26409,26419,1685018640,0.28635187
26393,26406,26393,26406,1685018700,0.07267399
26390,26390,26390,26390,1685018760,0.12643260
26386,26402,26386,26387,1685018820,0.13885226
26378,26387,26378,26387,1685018880,0.28774934
26367,26386,26367,26377,1685018940,20.23157920
26381,26381,26361,26365,1685019000,1.50096106
26373,26373,26364,26364,1685019060,0.77925502
26361,26375,26361,26375,1685019120,0.04215000
26363,26363,26360,26362,1685019180,0.01724957
26370,26370,26363,26363,1685019240,0.03289002
26412,26412,26396,26396,1685019300,0.06458837
26414,26414,26414,26414,1685019360,0.00475000
26397,26409,26396,26409,1685019420,0.12634045
26396,26398,26396,26398,1685019480,0.04224550
26412,26412,26412,26412,1685019540,0.00911000
26411,26418,26405,26405,1685019600,0.16508501
26407,26415,26407,26415,1685019660,0.03227624
26407,26407,26407,26407,1685019720,0.00000000
26403,26419,26400,26419,1685019780,0.50636143
26403,26403,26403,26403,1685019840,0.06981000
26412,26412,26412,26412,1685019900,0.04851511
26402,26404,26401,26404,1685019960,0.51278882
26393,26399,26393,26396,1685020020,0.61945989
26391,26391,26391,26391,1685020080,0.01086494
26385,26392,26385,26392,1685020140,0.88250632
26389,26389,26389,26389,1685020200,0.14102000
26371,26387,26371,26387,1685020260,5.72066137
26374,26375,26369,26369,1685020320,1.08870000
26401,26401,26379,26379,1685020380,1.02810000
26401,26401,26401,26401,1685020440,0.00000000
26410,26410,26402,26402,1685020500,1.37547000
26401,26409,26401,26409,1685020560,0.05302000
26413,26413,26410,26410,1685020620,0.12052000
26428,26428,26413,26413,1685020680,1.43622081
26423,26428,26423,26428,1685020740,0.03105868
26428,26428,26428,26428,1685020800,0.01879868
26427,26427,26427,26427,1685020860,0.00995000
26423,26424,26422,26422,1685020920,0.99559095
26426,26428,26426,26428,1685020980,0.00476000
26426,26426,26426,26426,1685021040,0.00000000
26434,26435,26427,26427,1685021100,1.63192152
26410,26428,26410,26428,1685021160,0.18011592
26401,26402,26395,26402,1685021220,0.10668120
26408,26408,26408,26408,1685021280,0.00102000
26403,26413,26403,26412,1685021340,0.42323722
26384,26411,26384,26410,1685021400,0.08153504
26392,26397,26367,26379,1685021460,0.56444521
26377,26386,26373,26385,1685021520,3.50411750
26371,26378,26364,26372,1685021580,1.39940731
26367,26369,26358,26369,1685021640,0.92107543
26361,26374,26361,26362,1685021700,1.29316012
26337,26355,26332,26355,1685021760,9.93412503
26315,26338,26303,26338,1685021820,11.71190159
26309,26309,26293,26302,1685021880,1.13664855
26320,26334,26320,26325,1685021940,0.03300000
26342,26346,26332,26332,1685022000,0.05472435
26327,26338,26325,26337,1685022060,0.36335882
26330,26336,26322,26325,1685022120,0.06286234
26337,26337,26329,26329,1685022180,0.08256793
26324,26328,26320,26327,1685022240,0.35877629
26330,26337,26325,26325,1685022300,0.08457073
26315,26328,26312,26328,1685022360,0.36900504
26316,26333,26316,26316,1685022420,2.50393349
26305,26326,26305,26326,1685022480,0.00845603
26273,26303,26273,26303,1685022540,8.09490403
26296,26300,26273,26275,1685022600,0.19707680
26304,26308,26287,26291,1685022660,0.32139135
26305,26305,26298,26298,1685022720,0.01687030
26304,26314,26304,26304,1685022780,0.28008983
26317,26318,26310,26312,1685022840,0.00685412
26336,26336,26333,26333,1685022900,0.10318291
26336,26338,26325,26332,1685022960,0.09294759
26343,26343,26339,26339,1685023020,0.04317139
26342,26352,26342,26343,1685023080,0.27749000
26340,26344,26339,26344,1685023140,0.75561962
26394,26398,26340,26340,1685023200,0.14504361
26378,26395,26376,26395,1685023260,0.44220836
26384,26393,26381,26383,1685023320,0.24020189
26379,26384,26378,26384,1685023380,0.02420327
26379,26387,26379,26384,1685023440,0.07229210
26382,26398,26382,26382,1685023500,1.63183958
26377,26397,26377,26378,1685023560,0.56986150
26322,26365,26315,26365,1685023620,0.18618128
26329,26342,26324,26328,1685023680,0.84236843
26310,26330,26310,26330,1685023740,0.19507971
26305,26309,26304,26309,1685023800,1.10635491
26309,26309,26290,26305,1685023860,1.71644860
26314,26314,26308,26308,1685023920,1.46740538
26323,26323,26299,26310,1685023980,1.61424642
26304,26324,26302,26321,1685024040,0.30299813
26322,26322,26289,26300,1685024100,1.68848873
26310,26317,26301,26317,1685024160,0.40748416
26313,26313,26307,26310,1685024220,0.25584002
26304,26310,26301,26309,1685024280,0.07289805
26305,26311,26302,26302,1685024340,0.92957554
26305,26306,26299,26302,1685024400,0.08975614
26311,26311,26294,26302,1685024460,1.40522306
26328,26332,26313,26313,1685024520,1.05831662
26322,26332,26322,26327,1685024580,0.15578551
26312,26320,26311,26319,1685024640,1.46103575
26321,26323,26311,26311,1685024700,0.15253074
26336,26336,26323,26323,1685024760,0.07752331
26328,26334,26328,26334,1685024820,0.02113238
26385,26390,26328,26328,1685024880,2.05236156
26375,26401,26375,26385,1685024940,0.84610177
26370,26387,26370,26380,1685025000,0.08277038
26368,26375,26358,26359,1685025060,0.03814225
26374,26374,26356,26356,1685025120,0.03194688
26363,26375,26363,26374,1685025180,0.33737365
26354,26360,26354,26360,1685025240,0.16384707
26364,26364,26357,26358,1685025300,1.06785551
26372,26372,26360,26368,1685025360,0.17621441
26382,26382,26373,26375,1685025420,0.06595524
26388,26394,26380,26380,1685025480,0.96417658
26409,26409,26386,26386,1685025540,1.01734481
26398,26414,26397,26405,1685025600,2.38715425
26392,26395,26390,26394,1685025660,0.06944614
26378,26391,26367,26391,1685025720,0.20434093
26383,26384,26378,26384,1685025780,0.07222564
26386,26388,26384,26388,1685025840,0.06369687
26415,26415,26396,26396,1685025900,1.25080884
26408,26416,26406,26415,1685025960,0.39201205
26397,26407,26397,26407,1685026020,0.13111696
26389,26397,26388,26393,1685026080,0.80947780
26372,26383,26372,26383,1685026140,0.17718726
26365,26372,26363,26372,1685026200,0.55407710
26370,26370,26368,26368,1685026260,0.10357278
26364,26370,26364,26370,1685026320,0.03573759
26358,26364,26358,26364,1685026380,0.48430625
26343,26358,26343,26358,1685026440,0.44554680
26358,26358,26358,26358,1685026500,0.01884932
26362,26368,26350,26353,1685026560,0.15196768
26352,26360,26352,26360,1685026620,0.02595004
26360,26360,26349,26351,1685026680,0.40086920
26350,26353,26350,26352,1685026740,0.49792219
26354,26372,26354,26363,1685026800,0.43433688
26347,26354,26347,26352,1685026860,0.16747968
26339,26350,26339,26350,1685026920,0.06253319
26345,26345,26332,26336,1685026980,0.28795240
26344,26345,26344,26345,1685027040,0.04867284
26351,26353,26344,26344,1685027100,1.07738192
26356,26356,26350,26350,1685027160,0.07304299
26366,26374,26364,26367,1685027220,0.47117825
26358,26359,26351,26359,1685027280,0.47130744
26360,26360,26354,26357,1685027340,0.03222706
26352,26355,26350,26354,1685027400,1.22505806
26346,26356,26346,26355,1685027460,8.72575207
26345,26345,26345,26345,1685027520,0.01746000
26358,26358,26347,26347,1685027580,0.42734201
26361,26364,26361,26364,1685027640,0.12290722
26387,26389,26362,26363,1685027700,0.50538882
26334,26381,26331,26381,1685027760,0.20511746
26311,26334,26311,26334,1685027820,0.20808341
26318,26318,26316,26316,1685027880,0.01499981
26292,26308,26292,26308,1685027940,0.09585215
26293,26296,26279,26289,1685028000,0.80438250
26284,26306,26282,26292,1685028060,1.00836597
26288,26291,26286,26291,1685028120,0.87818596
26297,26298,26288,26290,1685028180,0.18990778
26290,26296,26290,26296,1685028240,0.06008379
26292,26297,26292,26297,1685028300,0.18194649
26302,26302,26291,26294,1685028360,0.02949988
26281,26296,26281,26296,1685028420,0.46863246
26274,26281,26274,26281,1685028480,0.64252185
26264,26276,26264,26273,1685028540,0.32121211
26270,26275,26248,26261,1685028600,0.49554880
26258,26267,26256,26267,1685028660,0.03196723
26233,26272,26220,26268,1685028720,0.40392643
26238,26245,26235,26235,1685028780,0.31068510
26219,26239,26216,26235,1685028840,0.79000870
26237,26241,26220,26221,1685028900,0.24695563
26232,26254,26231,26253,1685028960,0.22563508
26235,26243,26228,26233,1685029020,0.49435153
26233,26243,26224,26240,1685029080,0.87847701
26224,26239,26224,26238,1685029140,0.66879446
26191,26227,26190,26227,1685029200,6.14856115
26207,26207,26172,26194,1685029260,21.40813756
26230,26233,26213,26213,1685029320,0.51320122
26234,26234,26222,26222,1685029380,0.93143560
26234,26237,26234,26235,1685029440,0.01894173
26227,26227,26215,26216,1685029500,0.34575515
26212,26212,26212,26212,1685029560,0.02272000
26191,26207,26191,26207,1685029620,0.95784353
26191,26195,26182,26188,1685029680,0.12531865
26201,26206,26201,26206,1685029740,0.08892496
26203,26205,26192,26195,1685029800,1.13179465
26223,26223,26198,26198,1685029860,0.37211029
26223,26237,26222,26226,1685029920,0.56792310
26237,26247,26231,26231,1685029980,1.54077055
26211,26234,26211,26234,1685030040,1.86010743
26236,26236,26211,26211,1685030100,0.86217381
26222,26240,26222,26239,1685030160,0.34321946
26212,26224,26210,26224,1685030220,0.49991852
26225,26227,26223,26224,1685030280,1.08792946
26220,26223,26220,26223,1685030340,0.57892159
26207,26224,26207,26221,1685030400,0.99999939
26228,26228,26215,26215,1685030460,2.78150657
26224,26224,26224,26224,1685030520,0.01130807
26230,26230,26230,26230,1685030580,0.00148000
26235,26235,26230,26230,1685030640,0.41258701
26230,26242,26226,26242,1685030700,0.11627746
26231,26234,26231,26234,1685030760,0.33811743
26231,26232,26231,26232,1685030820,0.01218000
26230,26231,26230,26231,1685030880,0.15888551
26230,26230,26230,26230,1685030940,0.04399058
26243,26243,26239,26239,1685031000,0.04886775
26251,26251,26240,26240,1685031060,0.95858834
26244,26254,26244,26252,1685031120,0.03005271
26250,26250,26243,26243,1685031180,0.12917595
26250,26251,26249,26249,1685031240,0.93310907
26250,26250,26250,26250,1685031300,0.14108000
26245,26245,26243,26243,1685031360,0.04792077
26249,26250,26249,26250,1685031420,0.02844476
26258,26258,26250,26250,1685031480,0.94657628
26277,26285,26260,26260,1685031540,2.70781586
26291,26291,26283,26284,1685031600,2.29481928
26290,26291,26290,26291,1685031660,44.14532576
26317,26317,26291,26291,1685031720,0.84640005
26297,26303,26297,26303,1685031780,0.04042018
26266,26293,26265,26293,1685031840,4.57780974
26257,26265,26249,26265,1685031900,1.29065369
26255,26257,26252,26257,1685031960,0.16151197
26258,26273,26258,26265,1685032020,0.08983506
26229,26250,26227,26250,1685032080,1.38992898
26250,26250,26227,26227,1685032140,0.61644471
26266,26270,26249,26249,1685032200,3.28501705
26245,26255,26245,26255,1685032260,0.01949375
26248,26248,26244,26244,1685032320,0.07977962
26252,26254,26249,26254,1685032380,0.02815427
26235,26250,26230,26250,1685032440,0.80472115
26242,26242,26230,26230,1685032500,0.12780000
26245,26247,26243,26243,1685032560,0.09069000
26253,26253,26250,26251,1685032620,0.00963454
26257,26257,26250,26250,1685032680,0.75827623
26259,26259,26257,26257,1685032740,0.19301000
26267,26267,26265,26266,1685032800,0.16888502
26251,26264,26251,26264,1685032860,0.13399711
26248,26253,26248,26253,1685032920,0.05988759
26261,26261,26254,26255,1685032980,0.17538088
26266,26267,26255,26257,1685033040,0.12585189
26277,26279,26273,26273,1685033100,0.25454437
26280,26280,26271,26271,1685033160,0.09961542
26266,26281,26266,26281,1685033220,0.06804829
26281,26281,26266,26266,1685033280,0.03196000
26283,26283,26282,26282,1685033340,0.00512860
26286,26286,26283,26283,1685033400,0.08035061
26290,26293,26287,26287,1685033460,0.09051609
26294,26294,26293,26293,1685033520,0.14981246
26283,26291,26283,26291,1685033580,0.07931384
26272,26283,26272,26283,1685033640,2.46535121
26266,26268,26266,26268,1685033700,0.01595551
26283,26283,26266,26266,1685033760,0.15309800
26283,26285,26283,26283,1685033820,0.49135385
26282,26282,26282,26282,1685033880,0.00691712
26274,26286,26269,26286,1685033940,0.24330678
26296,26296,26278,26278,1685034000,0.04323300
26301,26302,26298,26298,1685034060,0.05478550
26278,26296,26278,26296,1685034120,0.10237679
26281,26281,26277,26277,1685034180,0.05874103
26269,26281,26269,26281,1685034240,0.41123672
26272,26272,26270,26270,1685034300,0.01945157
26265,26269,26262,26269,1685034360,0.26994443
26267,26267,26264,26265,1685034420,0.01589557
26277,26277,26277,26277,1685034480,0.06559000
26261,26283,26261,26283,1685034540,3.37181951
26254,26260,26252,26260,1685034600,0.18163265
26263,26263,26251,26253,1685034660,0.84442978
26269,26270,26268,26269,1685034720,0.47318210
26258,26268,26258,26268,1685034780,0.01166393
26259,26259,26259,26259,1685034840,0.04013769
26255,26258,26254,26258,1685034900,1.31653992
26270,26270,26255,26255,1685034960,0.59850060
26269,26270,26269,26270,1685035020,0.00747951
26301,26301,26283,26283,1685035080,0.22526584
26285,26295,26285,26295,1685035140,0.20760382
26296,26299,26296,26299,1685035200,0.03865733
26291,26291,26286,26287,1685035260,0.23072894
26290,26290,26286,26290,1685035320,0.12945476
26287,26287,26287,26287,1685035380,0.04099951
26294,26294,26293,26293,1685035440,0.02080520
26303,26305,26294,26295,1685035500,0.87484735
26324,26327,26308,26308,1685035560,0.22968882
26316,26330,26316,26330,1685035620,0.07054254
26316,26319,26314,26319,1685035680,0.71835767
26321,26321,26314,26314,1685035740,0.75185029
26356,26361,26336,26336,1685035800,0.12423479
26364,26364,26347,26363,1685035860,0.19648662
26363,26373,26363,26368,1685035920,0.17358923
26372,26372,26354,26354,1685035980,0.20363579
26377,26382,26373,26373,1685036040,1.11664861
26353,26376,26353,26376,1685036100,0.18052867
26355,26363,26355,26358,1685036160,0.26298784
26348,26348,26345,26347,1685036220,0.01935064
26340,26348,26340,26348,1685036280,0.06316408
26363,26363,26340,26340,1685036340,0.92563937
26360,26363,26360,26363,1685036400,0.04248181
26346,26350,26343,26343,1685036460,2.02129984
26351,26351,26349,26349,1685036520,0.07852313
26343,26348,26340,26348,1685036580,0.06618481
26357,26357,26341,26341,1685036640,0.14360463
26355,26360,26355,26360,1685036700,0.28957516
26355,26355,26355,26355,1685036760,0.00000000
26352,26352,26352,26352,1685036820,0.03586289
26356,26356,26351,26352,1685036880,1.54090759
26354,26356,26354,26356,1685036940,0.04888000
26374,26374,26361,26361,1685037000,0.03370314
26375,26386,26375,26377,1685037060,50.16342757
26376,26383,26376,26383,1685037120,0.08324355
26376,26376,26376,26376,1685037180,0.07106995
26344,26372,26340,26372,1685037240,0.32537491
26341,26346,26341,26346,1685037300,0.07743712
26342,26354,26342,26343,1685037360,0.72305392
26338,26341,26338,26341,1685037420,0.07080256
26341,26341,26336,26339,1685037480,0.01545180
26344,26344,26344,26344,1685037540,0.01609952
26393,26395,26354,26354,1685037600,3.04613600
26389,26400,26389,26395,1685037660,1.49097272
26370,26371,26367,26371,1685037720,0.16033898
26355,26365,26349,26365,1685037780,1.46943782
26356,26360,26356,26360,1685037840,0.01930000
26353,26357,26347,26347,1685037900,1.01472000
26344,26357,26343,26357,1685037960,1.06034861
26348,26349,26344,26344,1685038020,0.11330911
26339,26346,26339,26343,1685038080,0.03115566
26343,26344,26340,26340,1685038140,0.20148768
26355,26355,26346,26348,1685038200,0.04870962
26341,26356,26341,26356,1685038260,0.17252249
26341,26341,26339,26339,1685038320,0.17970906
26335,26341,26335,26341,1685038380,0.11492944
26332,26333,26329,26333,1685038440,0.01963519
26338,26338,26328,26329,1685038500,0.29167912
26345,26345,26338,26338,1685038560,0.07376856
26347,26347,26345,26345,1685038620,0.06474000
26362,26362,26351,26351,1685038680,0.02758492
26393,26393,26368,26368,1685038740,3.04281230
26388,26394,26375,26393,1685038800,0.15427721
26395,26395,26383,26384,1685038860,0.05105604
26389,26393,26389,26393,1685038920,1.00875489
26394,26401,26391,26391,1685038980,2.66099375
26377,26395,26374,26395,1685039040,0.58869298
26373,26373,26370,26370,1685039100,0.02592000
26382,26391,26368,26368,1685039160,1.80889507
26382,26383,26382,26383,1685039220,0.01424685
26404,26405,26376,26376,1685039280,0.99052687
26402,26403,26396,26400,1685039340,0.04244705
26392,26398,26392,26397,1685039400,0.06503981
26393,26393,26387,26391,1685039460,0.16776708
26375,26394,26374,26393,1685039520,0.37470753
26362,26381,26362,26381,1685039580,0.22772132
26386,26386,26378,26378,1685039640,0.01559000
26365,26384,26365,26384,1685039700,0.07564238
26363,26365,26362,26365,1685039760,0.03906161
26365,26369,26362,26369,1685039820,0.03550089
26364,26364,26364,26364,1685039880,0.00826242
26367,26367,26367,26367,1685039940,0.05000000
26374,26375,26363,26366,1685040000,0.05837131
26365,26374,26365,26374,1685040060,0.05285000
26358,26365,26358,26365,1685040120,0.02912252
26349,26355,26349,26355,1685040180,0.32142720
26351,26354,26347,26347,1685040240,0.40893795
26351,26353,26348,26353,1685040300,0.02576000
26344,26347,26344,26347,1685040360,0.07920713
26352,26352,26348,26348,1685040420,0.04919216
26357,26357,26357,26357,1685040480,0.20164000
26350,26374,26349,26374,1685040540,0.45355516
26359,26362,26352,26352,1685040600,0.15392519
26352,26353,26352,26352,1685040660,0.12993376
26357,26357,26352,26352,1685040720,0.06087858
26357,26358,26356,26357,1685040780,0.03568000
26362,26362,26360,26360,1685040840,0.02922717
26362,26365,26361,26362,1685040900,0.27290568
26355,26362,26355,26362,1685040960,0.28734383
26365,26365,26354,26358,1685041020,0.48695007
26365,26365,26363,26363,1685041080,0.24862950
26373,26373,26366,26366,1685041140,0.18164000
26377,26381,26377,26381,1685041200,0.01025156
26371,26374,26367,26367,1685041260,0.16348000
26367,26375,26366,26372,1685041320,0.18468080
26379,26379,26369,26369,1685041380,0.33234057
26387,26387,26381,26381,1685041440,0.01355000
26393,26393,26387,26387,1685041500,0.47735947
26432,26433,26392,26392,1685041560,6.77747160
26403,26429,26403,26429,1685041620,0.28174269
26406,26406,26406,26406,1685041680,0.00693000
26441,26443,26427,26427,1685041740,3.94391221
26557,26611,26437,26437,1685041800,43.72075685
26587,26600,26560,26561,1685041860,1.60339894
26559,26576,26550,26576,1685041920,2.82128041
26530,26555,26519,26555,1685041980,0.90596922
26529,26536,26522,26535,1685042040,5.03110587
26543,26543,26536,26539,1685042100,0.81015913
26523,26561,26523,26561,1685042160,1.90738593
26502,26517,26502,26517,1685042220,0.35083497
26511,26519,26497,26501,1685042280,0.94849927
26504,26509,26497,26503,1685042340,0.06578190
26516,26516,26492,26495,1685042400,0.57173647
26525,26525,26508,26515,1685042460,0.13958315
26508,26508,26506,26507,1685042520,0.03131522
26517,26517,26507,26515,1685042580,0.15030514
26538,26546,26527,26527,1685042640,0.29187509
26525,26525,26518,26523,1685042700,0.00303000
26519,26521,26519,26520,1685042760,0.06275792
26510,26512,26500,26512,1685042820,0.06538192
26509,26528,26509,26522,1685042880,0.06309271
26505,26511,26505,26507,1685042940,0.09092641
26485,26498,26485,26498,1685043000,0.12217913
26473,26485,26466,26484,1685043060,0.93295512
26457,26483,26457,26482,1685043120,0.30147872
26446,26457,26441,26457,1685043180,0.80611321
26444,26444,26444,26444,1685043240,0.05412000
26466,26468,26456,26457,1685043300,0.34353879
26456,26482,26456,26464,1685043360,0.05925922
26453,26456,26450,26456,1685043420,0.26755844
26442,26462,26442,26455,1685043480,1.00592227
26446,26448,26439,26445,1685043540,1.98083326
26443,26443,26438,26439,1685043600,0.03965150
26431,26443,26431,26442,1685043660,0.14782666
26452,26455,26419,26428,1685043720,25.03899767
26452,26460,26452,26460,1685043780,0.03880035
26458,26459,26452,26452,1685043840,7.80166327
26458,26458,26445,26458,1685043900,7.26829539
26475,26475,26459,26459,1685043960,0.15713346
26466,26466,26456,26456,1685044020,0.07403989
26455,26463,26454,26463,1685044080,0.11849026
26464,26465,26464,26465,1685044140,0.05918994
26458,26470,26458,26470,1685044200,1.24160974
26470,26472,26467,26472,1685044260,10.06436556
26474,26474,26471,26471,1685044320,0.27080000
26471,26477,26471,26475,1685044380,1.66671679
26468,26472,26467,26471,1685044440,0.69310201
26478,26482,26471,26472,1685044500,0.49827478
26488,26490,26483,26485,1685044560,0.07797154
26485,26492,26485,26485,1685044620,3.91113248
26490,26490,26489,26489,1685044680,0.01997000
26467,26485,26467,26485,1685044740,1.50312345
26498,26498,26474,26474,1685044800,0.34040458
26503,26517,26489,26491,1685044860,0.81229329
26510,26510,26509,26509,1685044920,0.02166000
26497,26505,26497,26505,1685044980,0.36960205
26480,26497,26480,26497,1685045040,0.41948360
26487,26487,26478,26478,1685045100,0.35922517
26501,26511,26501,26508,1685045160,0.03426685
26501,26504,26499,26504,1685045220,1.24906791
26501,26501,26501,26501,1685045280,0.00000000
26505,26505,26499,26499,1685045340,0.29194647
26490,26503,26490,26503,1685045400,0.09407281
26465,26481,26465,26481,1685045460,0.08333175
26465,26466,26463,26463,1685045520,0.02958445
26475,26479,26465,26465,1685045580,0.24024120
26498,26499,26475,26475,1685045640,3.12165856
26479,26491,26477,26491,1685045700,0.28103230
26474,26479,26474,26479,1685045760,0.03905318
26479,26479,26471,26471,1685045820,0.44490927
26476,26479,26474,26477,1685045880,0.79865825
26473,26473,26470,26470,1685045940,0.06673000
26463,26473,26463,26473,1685046000,0.16697626
26464,26464,26462,26463,1685046060,0.51437631
26465,26465,26463,26463,1685046120,0.07258786
26481,26481,26467,26467,1685046180,0.01952221
26470,26470,26470,26470,1685046240,0.00907000
26469,26469,26469,26469,1685046300,0.00460000
26468,26469,26468,26469,1685046360,0.06040000
26469,26469,26468,26469,1685046420,0.94987945
26478,26478,26469,26469,1685046480,0.01914084
26484,26490,26482,26482,1685046540,0.11549000
26480,26481,26477,26480,1685046600,0.37701479
26478,26488,26478,26485,1685046660,0.85617269
26476,26477,26476,26477,1685046720,0.00525000
26471,26481,26471,26481,1685046780,0.82355383
26468,26474,26468,26473,1685046840,0.46309703
26469,26469,26468,26468,1685046900,0.38530745
26465,26471,26465,26467,1685046960,1.61812000
26465,26466,26465,26465,1685047020,1.28211631
26476,26476,26464,26464,1685047080,0.14089336
26481,26481,26476,26476,1685047140,0.03411142
26481,26481,26481,26481,1685047200,0.00000000
26482,26482,26482,26482,1685047260,0.10288306
26482,26483,26482,26482,1685047320,0.23160511
26481,26483,26481,26482,1685047380,0.24792503
26482,26482,26482,26482,1685047440,0.04354000
26487,26488,26482,26482,1685047500,0.41347998
26487,26488,26485,26485,1685047560,0.56989753
26483,26487,26483,26487,1685047620,0.13395468
26483,26485,26483,26483,1685047680,1.02111592
26485,26488,26484,26484,1685047740,1.97524537
26498,26498,26485,26485,1685047800,0.90539994
26496,26506,26495,26504,1685047860,0.94571726
26491,26496,26491,26494,1685047920,1.99401503
26490,26491,26490,26491,1685047980,0.16751328
26486,26488,26484,26488,1685048040,0.67506102
26490,26490,26484,26484,1685048100,0.21704996
26491,26491,26489,26490,1685048160,0.73126117
26492,26492,26489,26490,1685048220,0.04478950
26492,26494,26492,26492,1685048280,0.10017338
26490,26491,26489,26491,1685048340,0.40582000
26487,26487,26485,26485,1685048400,0.04677777
26474,26487,26473,26487,1685048460,0.10957064
26472,26474,26472,26474,1685048520,0.06311000
26470,26472,26468,26472,1685048580,0.61377314
26468,26469,26468,26468,1685048640,0.64600224
26475,26475,26467,26468,1685048700,2.35948306
26469,26474,26469,26474,1685048760,0.14402000
26471,26471,26468,26469,1685048820,0.78152958
26448,26470,26448,26470,1685048880,0.10061416
26445,26453,26445,26453,1685048940,0.10617743
26463,26463,26445,26445,1685049000,2.21437000
26462,26465,26459,26460,1685049060,2.26825522
26465,26465,26464,26464,1685049120,0.93436447
26465,26465,26464,26465,1685049180,1.40154000
26465,26465,26464,26465,1685049240,0.32254000
26468,26468,26465,26465,1685049300,0.06893000
26467,26469,26467,26467,1685049360,0.81207421
26467,26467,26466,26467,1685049420,0.06025868
26476,26476,26467,26467,1685049480,0.05455939
26475,26477,26475,26477,1685049540,0.04049000
26464,26472,26464,26472,1685049600,0.14522805
26460,26464,26460,26464,1685049660,1.40518129
26458,26460,26458,26460,1685049720,0.00675000
26459,26459,26454,26454,1685049780,0.34686641
26447,26458,26445,26458,1685049840,0.34006141
26460,26460,26460,26460,1685049900,0.00229000
26462,26462,26459,26461,1685049960,0.02355000
26461,26462,26461,26462,1685050020,0.07440000
26455,26457,26455,26455,1685050080,0.32176976
26455,26455,26455,26455,1685050140,0.00110000
26452,26457,26451,26454,1685050200,0.35289707
26451,26451,26446,26451,1685050260,1.35565218
26447,26447,26446,26446,1685050320,0.03097040
26446,26447,26446,26447,1685050380,0.06660569
26444,26447,26444,26447,1685050440,0.45001953
26465,26465,26456,26456,1685050500,0.08769000
26472,26472,26469,26472,1685050560,0.04165814
26474,26474,26469,26470,1685050620,0.23019780
26474,26474,26473,26473,1685050680,0.10606000
26474,26474,26472,26472,1685050740,0.37538000
26470,26474,26470,26474,1685050800,0.03888170
26462,26469,26462,26469,1685050860,0.00928780
26462,26462,26462,26462,1685050920,0.01405362
26455,26457,26455,26457,1685050980,0.01461000
26449,26452,26449,26452,1685051040,0.58312000
26447,26452,26447,26447,1685051100,0.12377278
26465,26465,26452,26452,1685051160,0.33028038
26464,26467,26464,26464,1685051220,0.09674310
26469,26469,26465,26465,1685051280,0.00749000
26469,26469,26465,26468,1685051340,0.18822158
26468,26468,26466,26466,1685051400,0.17283000
26467,26467,26467,26467,1685051460,0.00491098
26471,26472,26471,26471,1685051520,0.08120630
26470,26472,26470,26472,1685051580,0.40077244
26470,26470,26470,26470,1685051640,0.03212000
26469,26469,26468,26468,1685051700,0.10286000
26469,26469,26469,26469,1685051760,0.02244000
26476,26476,26469,26469,1685051820,0.56785343
26476,26477,26476,26477,1685051880,0.00701578
26478,26479,26475,26475,1685051940,0.21006046
26476,26476,26473,26476,1685052000,0.09282654
26477,26477,26476,26476,1685052060,0.01616959
26478,26478,26476,26476,1685052120,0.01074000
26475,26475,26473,26475,1685052180,0.35354000
26474,26475,26474,26475,1685052240,0.01895000
26460,26463,26459,26463,1685052300,0.10784163
26468,26468,26467,26467,1685052360,0.19873000
26472,26474,26472,26474,1685052420,1.37097943
26468,26473,26468,26473,1685052480,0.06037119
26469,26472,26469,26472,1685052540,0.02804000
26465,26467,26460,26464,1685052600,0.56549114
26464,26464,26464,26464,1685052660,0.33000000
26463,26464,26462,26464,1685052720,0.44552024
26472,26472,26468,26469,1685052780,0.03518000
26471,26473,26470,26473,1685052840,0.10492768
26477,26481,26473,26473,1685052900,0.14561622
26479,26479,26476,26476,1685052960,0.01804368
26467,26469,26467,26469,1685053020,0.01668000
26460,26464,26460,26464,1685053080,0.00586000
26455,26460,26454,26460,1685053140,0.04180717
26453,26455,26453,26455,1685053200,0.00516884
26453,26453,26452,26452,1685053260,0.12971000
26451,26451,26451,26451,1685053320,0.12700000
26451,26451,26450,26450,1685053380,0.08516268
26447,26447,26447,26447,1685053440,0.00255743
26455,26456,26455,26456,1685053500,0.07184000
26466,26466,26455,26455,1685053560,0.01795000
26466,26466,26466,26466,1685053620,0.05220000
26464,26464,26462,26464,1685053680,0.05658353
26466,26467,26464,26464,1685053740,0.04508820
26468,26469,26466,26469,1685053800,0.05466000
26470,26470,26468,26468,1685053860,1.06090000
26458,26469,26457,26469,1685053920,0.34133759
26454,26459,26454,26459,1685053980,0.08800940
26449,26452,26449,26449,1685054040,0.08784017
26447,26451,26446,26451,1685054100,0.64964747
26449,26449,26449,26449,1685054160,0.31823000
26451,26451,26450,26450,1685054220,0.05795000
26448,26453,26448,26450,1685054280,1.54396792
26449,26449,26449,26449,1685054340,0.11570000
26439,26449,26439,26449,1685054400,0.14223521
26444,26453,26444,26445,1685054460,0.26705132
26447,26447,26444,26444,1685054520,0.03922000
26444,26447,26444,26447,1685054580,0.00996000
26439,26446,26439,26446,1685054640,0.00842000
26445,26446,26439,26439,1685054700,0.17055677
26442,26444,26442,26444,1685054760,0.06777426
26444,26444,26444,26444,1685054820,0.23283000
26444,26444,26444,26444,1685054880,6.07326421
26451,26451,26451,26451,1685054940,0.00207000
26451,26451,26451,26451,1685055000,0.02801000
26451,26451,26451,26451,1685055060,0.00000000
26457,26457,26457,26457,1685055120,0.01998000
26462,26462,26460,26460,1685055180,0.30826608
26463,26463,26462,26462,1685055240,0.00692000
26463,26463,26463,26463,1685055300,0.01543000
26464,26464,26463,26463,1685055360,0.43651000
26466,26466,26462,26462,1685055420,0.00694000
26466,26466,26466,26466,1685055480,0.00173000
26462,26466,26462,26466,1685055540,0.07022950
26464,26464,26462,26462,1685055600,0.78582965
26463,26463,26463,26463,1685055660,0.35311457
26469,26469,26466,26466,1685055720,0.06501479
26465,26467,26465,26467,1685055780,0.08369904
26466,26466,26460,26460,1685055840,0.00497000
26466,26466,26466,26466,1685055900,0.10778000
26466,26466,26466,26466,1685055960,0.02570000
26465,26465,26465,26465,1685056020,0.04657102
26469,26469,26469,26469,1685056080,0.37789182
26482,26482,26473,26473,1685056140,0.40191012
26492,26499,26485,26485,1685056200,1.41944315
26498,26498,26487,26487,1685056260,0.00582011
26514,26514,26499,26499,1685056320,2.23670991
26525,26538,26517,26517,1685056380,0.28465749
26524,26534,26521,26533,1685056440,1.37047046
26534,26552,26534,26539,1685056500,0.39044167
26517,26530,26517,26530,1685056560,0.04046229
26501,26515,26501,26514,1685056620,13.35923869
26499,26501,26499,26501,1685056680,0.78343354
26501,26501,26497,26498,1685056740,0.87154392
26499,26504,26499,26504,1685056800,0.05758000
26507,26507,26507,26507,1685056860,0.01493000
26507,26509,26507,26508,1685056920,0.00553000
26507,26507,26507,26507,1685056980,0.01264000
26509,26517,26506,26507,1685057040,1.60249177
26508,26512,26508,26512,1685057100,0.05689000
26508,26508,26508,26508,1685057160,0.00838000
26495,26508,26495,26508,1685057220,0.23766665
26503,26507,26503,26507,1685057280,0.09508427
26499,26499,26499,26499,1685057340,0.86316000
26490,26499,26490,26499,1685057400,1.83872575
26494,26494,26490,26490,1685057460,0.09662221
26488,26492,26487,26492,1685057520,0.22074396
26481,26487,26481,26487,1685057580,1.46688114
26476,26481,26476,26481,1685057640,1.51055031
26482,26482,26476,26476,1685057700,0.09820538
26484,26484,26481,26481,1685057760,0.02602915
26477,26484,26477,26484,1685057820,0.03223541
26478,26478,26478,26478,1685057880,0.00126000
26474,26476,26474,26476,1685057940,0.06907585
26478,26481,26478,26481,1685058000,0.04793094
26481,26481,26479,26479,1685058060,0.00822000
26478,26478,26476,26476,1685058120,0.07417325
26478,26478,26478,26478,1685058180,0.00933000
26479,26479,26479,26479,1685058240,0.01186000
26486,26488,26479,26479,1685058300,0.46320613
26485,26486,26485,26486,1685058360,0.08163529
26475,26476,26474,26475,1685058420,0.42175000
26475,26475,26475,26475,1685058480,0.00368000
26475,26475,26475,26475,1685058540,0.06390000
26478,26478,26477,26477,1685058600,0.04795254
26478,26478,26478,26478,1685058660,0.06238000
26476,26476,26476,26476,1685058720,0.01507000
26476,26476,26476,26476,1685058780,0.00000000
26476,26476,26475,26476,1685058840,0.10085557
26477,26478,26477,26478,1685058900,0.45368343
26478,26478,26477,26477,1685058960,0.02272000
26478,26478,26478,26478,1685059020,0.01619000
26478,26478,26478,26478,1685059080,0.00921000
26478,26478,26478,26478,1685059140,0.01713000
